{"cameraMode":{"drawMode":0,"name":"Shaded","section":"Shading Mode"},"sceneLighting":false,"audioPlay":false,"sceneViewState":{"m_AlwaysRefresh":false,"showFog":true,"showSkybox":false,"showFlares":true,"showImageEffects":true,"showParticleSystems":true,"showVisualEffectGraphs":true,"m_FxEnabled":true},"in2DMode":false,"pivot":{"x":0.00042739231139421463,"y":1.190725326538086,"z":-0.8974134922027588},"rotation":{"x":-0.09740256518125534,"y":0.8846229910850525,"z":-0.21396127343177796,"w":-0.4027119576931},"size":7.2999982833862309,"orthographic":false}